spender_id,total_amount,total_count
C00000935,96432377.95,963
C00003418,773075.16,9
C00004036,4022057.55,142
C00007880,1400137.0,11
C00008086,1794.24,1
C00010363,7110.73,4
C00011114,4199966.58,43
C00012476,1129726.0,2
C00023838,114610.84,12
C00025254,17790.0,28
C00027466,33886638.07,85
C00029504,523150.0,9
C00030718,2951403.53,266
C00032979,10442.0,3
C00041160,1059022.02,54
C00041269,547750.0,5
C00042366,49453705.51,165
C00053553,6449241.45,664
C00075820,87126725.25,616
C00082917,200000.0,7
C00083279,647551.38,11
C00101105,148960.0,19
C00106146,1689839.3,9
C00130658,286060.0,23
C00140061,65891.25,8
C00147512,1252500.0,18
C00157537,1053.25,7
C00162339,9700.0,2
C00162818,33210.05,15
C00173153,440000.0,13
C00175521,66684.6,65
C00193441,131773.18,91
C00207944,4500.0,3
C00214981,159785.13,8
C00233239,9750.6,1
C00250753,12500.0,5
C00255752,98500.0,1
C00285593,28943.75,2
C00295527,70860.27,2
C00299396,69550.0,9
C00327189,777904.0,16
C00331454,46035.5,5
C00341396,3213766.81,168
C00343137,86737.52,5
C00343459,471381.24,10
C00348540,1483064.17,18
C00359539,24517.2,4
C00365536,5196146.63,52
C00382424,17734.35,3
C00390526,4650.0,6
C00401786,97000.0,6
C00405878,3800.0,6
C00409730,199953.0,8
C00418897,22855451.25,122
C00428557,123608.18,31
C00429175,10000.0,1
C00430280,64735.0,50
C00432260,379080.08,316
C00441352,60740.0,1
C00448696,3054918.02,967
C00449926,285359.0,5
C00453704,69364.58,138
C00455923,25695.45,10
C00469890,1777935.49,9
C00473918,29853977.67,180
C00476978,991911.16,11
C00480863,40000.0,2
C00483693,22261.42,16
C00483883,498500.0,8
C00484253,211887.2,4
C00484642,160068428.87,346
C00486845,33252485.64,469
C00487363,6810847.25,27
C00487470,69773193.63,1210
C00487827,6939.69,8
C00488338,347805.0,7
C00488486,546625.22,56
C00488494,89500.0,5
C00488742,8501464.53,59
C00489252,12896.3,47
C00489625,36344.5,3
C00489799,6793293.87,281
C00489815,314727.0,1
C00489856,2478927.18,23
C00490375,1076276.02,50
C00490896,8757.68,1
C00492116,81812.61,4
C00492140,4272904.0,10
C00493221,312678.0,123
C00494021,364133.3,13
C00495010,3299.08,7
C00495028,145159506.43,1124
C00495861,15879431.16,134
C00499020,1043262.49,49
C00504530,226925785.93,2326
C00508440,705151.26,69
C00509463,149954.82,93
C00509893,1971654.49,120
C00510701,18093.0,6
C00513176,1590188.7,31
C00514224,166485.0,10
C00516500,363984.02,14
C00519363,220600.0,1
C00519413,25000.0,1
C00521013,829100.73,37
C00522425,62685.65,3
C00523241,495984.0,50
C00523498,54007.0,8
C00523621,1043721.75,107
C00524181,1028709.39,25
C00525824,10000.0,1
C00526673,981187.72,38
C00527226,3000.0,3
C00528554,2952174.85,8
C00528901,84012.49,6
C00530766,6045655.79,262
C00531814,329252.77,20
C00532572,82500.0,2
C00532630,13615268.83,42
C00532705,1068690.0,4
C00536540,3165.16,2
C00540203,6540931.02,77
C00540443,5045048.27,5
C00541433,226270.0,10
C00542464,500000.0,1
C00544387,1491796.17,28
C00544551,1799433.97,18
C00544767,2524915.0,79
C00545152,1732833.6,39
C00547349,740227.11,61
C00548867,12688.5,4
C00550970,432955.8,23
C00551853,17490.83,52
C00552851,2628223.18,1035
C00556860,35490.97,14
C00559740,30207.72,4
C00559906,3329813.0,30
C00562595,5169198.84,57
C00562777,269657.34,9
C00563254,61431.71,208
C00563429,19339.62,4
C00567313,159126.1,11
C00568170,38897.33,11
C00568444,5460775.0,34
C00569392,20000.0,2
C00569616,39786.09,3
C00570226,505000.0,39
C00570416,26126.05,10
C00571588,2983800.82,44
C00571703,245522419.11,539
C00573261,5984364.82,180
C00582700,446620.25,18
C00587022,251532.24,23
C00592808,169123.5,37
C00594507,28058.32,2
C00606962,9678161.78,286
C00607374,948240.11,115
C00608943,2035000.0,51
C00609388,8928649.83,99
C00609776,2564.0,2
C00612820,362510.06,213
C00613489,52249.74,54
C00615377,3752.64,3
C00620021,2475.0,2
C00620476,3455405.98,14
C00620971,2116384.68,317
C00621185,8000.0,2
C00622464,115897.37,354
C00622472,1081993.72,761
C00623421,914700.0,29
C00623595,14000.0,2
C00624817,110000.0,2
C00624890,89696.41,28
C00625566,94166.84,5
C00626861,165528.85,8
C00627141,26355.49,4
C00628115,26287.22,4
C00629147,174192.59,7
C00629477,2251.03,3
C00630665,2674642.59,43
C00630830,2483.81,1
C00631903,287138.98,3
C00632398,646621.93,112
C00632679,82990.34,39
C00633248,1675906.05,18
C00634261,3363424.52,74
C00635243,9400.0,1
C00635664,21800.0,15
C00637041,2773021.34,59
C00640300,49105.45,41
C00647966,184817.18,15
C00648717,10075.0,1
C00648808,74607.71,13
C00651091,40202.33,4
C00653030,1749.76,2
C00653386,518890.44,765
C00654764,906862.23,15
C00654814,9390.0,4
C00656314,14000.0,5
C00657866,7700561.29,76
C00658815,61353.24,9
C00659011,1999331.31,34
C00659219,1007366.09,27
C00662072,2929332.71,117
C00662221,5169320.93,84
C00663724,38228.94,9
C00667790,404073.48,502
C00667865,1522467.44,573
C00668517,445847.33,55
C00668905,2792873.62,55
C00669259,13521128.13,30
C00671388,44764.4,7
C00671669,91619.53,8
C00671685,483981.86,783
C00672394,215583.76,5
C00674093,79746.44,6
C00674697,104369.29,79
C00675397,26113.69,6
C00678839,732325.36,197
C00679159,33619.54,8
C00680314,23467.0,4
C00680983,99982.54,3
C00681478,164326.7,4
C00681825,2195058.69,591
C00684258,92862.37,12
C00684969,706902.62,137
C00685289,703506.15,49
C00685297,22260.0,1
C00685552,102695.36,6
C00685693,1253247.2,337
C00685768,25000.0,1
C00685982,253555.4,792
C00686832,66505.99,15
C00687103,67993745.03,2463
C00687848,86521.42,19
C00688580,159703.0,2
C00688655,6691530.55,66
C00689356,66707.12,8
C00690263,20000.0,1
C00690776,16199.26,2
C00690867,44388.46,11
C00691790,110000.0,8
C00691949,28750.0,2
C00692129,3000.0,6
C00692319,1210666.96,42
C00693317,198169.85,7
C00693531,189424.0,19
C00693606,55000.0,1
C00693838,945846.56,11
C00694430,1000000.0,1
C00695981,33671.64,10
C00696112,10000.0,2
C00698936,7706359.76,76
C00699801,364674.8,793
C00701797,63856.0,4
C00701805,190454.45,6
C00707844,6915455.06,89
C00709113,9843.3,4
C00709691,67450.0,20
C00710178,2956876.67,775
C00710616,29727.44,1
C00710848,7129023.9,168
C00712109,5000.0,1
C00712885,429624.98,778
C00715433,190200.0,11
C00716704,245085.0,3
C00717223,162800.0,12
C00717728,100000.0,10
C00718510,213488.36,13
C00718841,1505076.23,21
C00720029,2746.0,3
C00720540,40990.72,64
C00721688,15891.52,4
C00722025,202000.0,6
C00722371,211289.53,39
C00723098,32822.44,10
C00724203,8982451.57,106
C00725820,1083990.0,70
C00727008,234920.62,81
C00727602,5000.0,2
C00728386,490815.01,13
C00731133,105146.7,2
C00731372,114249.2,8
C00732172,7604237.17,51
C00733352,50000.0,1
C00734657,1015478.14,5
C00735670,213191.0,6
C00736041,50225.0,1
C00736140,791.0,1
C00736751,2699078.42,5
C00737411,653879.16,37
C00737536,99830.0,5
C00738039,349751.0,86
C00738237,228089.75,38
C00738674,45000.0,1
C00738815,111171.33,226
C00739011,6545.49,7
C00739367,385000.0,1
C00739557,1511908.49,203
C00740126,5091.15,1
C00740225,1627118.0,18
C00740274,9676.44,2
C00740845,1093.65,3
C00740936,51066.21,5
C00741355,197957.78,4
C00741710,6830899.71,40
C00742080,127108.01,27
C00742130,186000.0,11
C00742205,52500.0,2
C00742296,989982.13,27
C00742635,225738.6,83
C00743021,161584.03,3
C00743377,70000.0,8
C00743682,1329500.0,5
C00744185,610993.21,13
C00744920,10410767.58,80
C00745208,7553348.61,45
C00745315,31000.0,3
C00745554,244278.0,4
C00745745,755298.27,16
C00746040,224323.26,20
C00746073,626659.96,40
C00746628,551131.25,9
C00747097,449640.0,21
C00747121,984023.5,1634
C00747170,3421.3,1
C00747998,1109283.13,285
C00748228,51489.0,4
C00748301,62663.86,12
C00748475,6302283.89,48
C00748582,196724.25,45
C00748798,348239.0,14
C00749085,9512249.62,48
C00749101,32512.1,46
C00749424,17070.0,6
C00749671,21807.23,3
C00750182,10009626.62,96
C00750786,50657.91,3
C00751032,2263575.5,35
C00751495,51474.8,3
C00752378,917200.31,17
C00752576,243111.63,23
C00752691,3382432.46,185
C00753277,1017612.23,35
C00753459,1400.0,1
C00753699,1379.05,4
C00754051,3463627.21,170
C00754069,19055.98,8
C00754242,13943.78,25
C00754754,53400.94,9
C00755348,52588.0,2
C00755629,15802.0,4
C00755678,30095.51,44
C00755694,134212.27,128
C00756056,54206.53,33
C00756569,17740.7,150
C00756940,1414015.63,57
C00757294,325401.58,7
C00757419,1717193.18,19
C00758003,4453.5,2
C00758011,101669.88,18
C00758292,3800.0,10
C00758789,685713.58,21
C00758938,1163994.5,777
C00758953,280714.75,744
C00759159,49248.67,9
C00759332,291259.58,754
C00759365,246329.69,738
C00759456,30307.39,5
C00759597,6731.32,4
C00760082,1020000.0,50
C00760124,5293000.0,74
C00760454,5266.13,4
C00760686,112272.44,11
C00760736,55000.0,8
C00760801,105883.69,2
C00760835,60000.0,2
C00761064,102463.36,42
C00761072,92424.56,5
C00761213,215055.15,7
C00762161,76784.06,6
C00762666,312153.03,8
C00762740,1037.27,2
C00762815,23125.0,8
C00762872,40000.0,2
C00763193,60567064.97,108
C00763227,23000.0,1
C00763409,477906.28,10
C00763433,51603.8,5
C00763698,2790.0,24
C00763730,124966.0,2
C00763870,137379.98,5
C00764233,240000.0,4
C00764522,132398.32,12
C00764894,67050.01,4
C00764936,115000.0,4
C00764977,526000.01,20
C00765206,50483.51,3
C00765883,11181.88,3
C00766154,915277.84,134
C00766527,50000.0,2
C00766659,74253.82,19
C00766907,319.11,2
C00767079,11213.0,8
C00767640,50000.0,4
C00768572,87950.0,4
C00768929,91250.0,5
C00769893,345200.0,3
C00770149,5464718.0,65
C00770214,200000.0,5
C00770362,67000.0,6
C00770495,15985860.2,61
C00770511,294560.0,19
C00770982,812800.73,12
C00771139,268508.91,22
C00771477,517132.0,10
C00771865,378806.97,844
C00771980,48436.93,5
C00772020,709170.89,40
C00772152,1143698.46,24
C00772491,183513.24,7
C00772848,68522.1,5
C00772913,423169.8,15
C00773390,1557826.94,761
C00773788,278079.84,702
C00774323,1639597.56,750
C00774463,827157.01,20
C00774513,1.0,1
C00774547,12000.0,1
C00774596,1531112.69,12
C00774679,178223.0,10
C00775593,4631.22,4
C00775601,6250.0,6
C00775627,150615.0,3
C00776062,16190.42,6
C00776385,6884555.6,44
C00776823,286691.0,86
C00777029,1624398.47,20
C00777060,1015187.45,19
C00777185,25579961.59,282
C00777334,1639891.09,14
C00777524,121769.01,14
C00778084,2392939.68,39
C00778266,17650.0,2
C00778316,72756.35,5
C00778472,1398810.71,6
C00778506,52603.58,5
C00779314,199883.04,6
C00779330,424441.0,4
C00780684,983135.64,20
C00782037,2393675.94,21
C00782086,13333.97,2
C00782144,341837.05,19
C00782508,209375.0,19
C00782656,4341316.65,55
C00783332,2750.0,4
C00784033,248607.0,10
C00784876,123000.0,3
C00785022,31500.0,1
C00785121,223879.3,1
C00785352,11300000000.0,2
C00785550,85000.0,1
C00785568,60000.0,1
C00785899,33543.29,2
C00786152,3305472.64,27
C00786269,29000.0,3
C00786293,27790.94,3
C00786517,350969.95,6
C00786830,774481.46,32
C00787432,2804600.0,36
C00787499,247712.8,4
C00787564,29747.53,4
C00787671,200790.09,658
C00787887,69699.0,4
C00787945,185140.0,66
C00787978,1679004.83,14
C00788851,3394456.32,13
C00788877,1117154.75,27
C00789339,6778736.5,92
C00789362,203881.5,3
C00789495,1773105.85,6
C00789974,23000.0,2
C00790071,2100806.86,7
C00790089,764800.0,11
C00790477,393786.2,20
C00790808,749452.16,12
C00790923,2933164.0,17
C00791111,51450.0,6
C00791202,4002284.45,28
C00792028,8000.0,2
C00792200,634541.67,20
C00792259,5369711.5,27
C00792333,9154356.41,35
C00792358,79824.15,6
C00792408,829590.51,11
C00793356,522766.43,16
C00793695,100000.0,1
C00793869,4262018.5,27
C00794396,10465239.87,222
C00794719,2051320.0,15
C00794891,19588099.88,189
C00795484,70489.18,5
C00795831,153772.76,450
C00795864,94907.21,450
C00795948,4631672.89,36
C00796045,395889.75,9
C00796201,16997.0,2
C00797084,28050.0,46
C00797266,288.34,1
C00797324,1957.87,1
C00797332,729057.12,28
C00797340,64646.93,12
C00797480,230850.0,3
C00797654,305200.0,7
C00797720,80000.0,4
C00797829,75988.66,2
C00798009,244217.65,14
C00798116,19262384.24,68
C00798355,74999.99,2
C00798363,81013.0,8
C00799031,26107515.77,185
C00799361,53000.0,2
C00799460,530231.25,8
C00799528,2000.0,2
C00799866,916950.0,4
C00800250,150000.0,6
C00800508,19999999998.0,2
C00800995,9300.0,5
C00801514,24246046.4,173
C00801738,81100.0,3
C00801803,35000.0,2
C00801910,175650.69,41
C00802009,130899.98,5
C00802082,5000.0,1
C00802207,389999.88,12
C00802413,140000.0,6
C00802652,3296.0,1
C00802660,89997.6,4
C00802769,139012.2,4
C00802793,3408830.0,8
C00802942,409955.0,5
C00803593,45501.0,2
C00803684,117483.3,5
C00804104,28874330.56,42
C00804187,4663506.18,46
C00804518,110000.0,1
C00804526,111608.0,3
C00804617,2415914.77,26
C00804690,270000.0,3
C00804732,3196042.14,42
C00804773,2865356.09,26
C00804823,2458212.16,33
C00804856,4448639.15,168
C00804971,1375.35,2
C00804997,1109673.0,17
C00806075,826877.96,254
C00806083,232552.5,4
C00806208,1396538.77,28
C00806562,35460.5,1
C00806760,112580.89,18
C00806869,160550.32,15
C00806976,116732.0,8
C00807198,275000.0,4
C00807396,40000.0,1
C00807412,29538.08,6
C00807925,298439.22,9
C00807958,174103.48,10
C00808055,86808.36,5
C00808071,141758.6,3
C00808121,85000.0,1
C00808196,16951.77,2
C00808212,118230.34,6
C00808303,5832959.71,48
C00808386,48085.0,2
C00808584,625000.0,17
C00808626,350522.65,10
C00808964,544850.0,17
C00809020,11261154.85,111
C00809087,3196980.0,44
C00809236,778632.0,29
C00809467,83595.31,85
C00809517,27000.0,1
C00809715,174952.0,2
C00809749,75765.52,11
C00809830,64500.0,4
C00809848,71985.15,3
C00810051,190000.0,18
C00810606,846581.14,1
C00811166,13254662.95,45
C00811224,109000.0,1
C00811273,1040859.0,18
C00811331,139200.0,4
C00811356,28000.0,1
C00811620,173792.4,9
C00811653,21470.11,4
C00811711,608147.2,13
C00811786,20000.0,1
C00811802,52000.0,4
C00812032,25000.0,2
C00812230,395695.56,12
C00812347,911570.75,8
C00812370,443102.47,15
C00812420,1532367.1,8
C00812438,505000.0,2
C00812545,1715445.0,19
C00812685,1341980.48,13
C00812867,157419.22,6
C00813089,207448.11,14
C00813154,41640.18,4
C00813204,2756.0,3
C00813337,49258.53,9
C00813436,210000.0,1
C00813550,26548.0,2
C00813782,1110996.2,14
C00813873,12000.0,1
C00813915,10000.0,1
C00813964,27000.0,2
C00814152,662024.45,30
C00814244,262164.49,68
C00814251,123394.71,9
C00814285,21000.0,2
C00814327,226794.83,3
C00814434,9800.0,1
C00814509,127259.27,11
C00814772,99816.42,4
C00814921,65940.0,6
C00814962,32899.6,1
C00815282,28620.09,5
C00815316,3595799.89,15
C00815340,102210.05,3
C00815365,102176.86,14
C00815423,758000.0,4
C00815506,571932.28,34
C00815589,23500.0,1
C00815613,60500.0,3
C00815753,1701249.73,20
C00815779,260000.0,3
C00815787,240950.0,8
C00815860,12401000.0,2
C00815928,2250000.0,3
C00816033,9834.48,2
C00816124,93615.82,36
C00816173,133785.5,15
C00816355,92800.0,8
C00816363,67072.13,17
C00816827,23600.0,6
C00816843,69575.82,6
C00816876,81120.0,6
C00816892,5912690.7,64
C00816959,57255.83,2
C00816991,7927984.73,23
C00817015,4072157.39,19
C00817023,945712.49,21
C00817122,2526931.38,197
C00817254,90000.0,1
C00817288,54280.95,7
C00817460,15046.12,1
C00817536,5312371.24,282
C00817643,53727.64,3
C00817742,1999.2,1
C00817791,4975.0,1
C00817809,1255727.4,10
C00817882,14400.0,1
C00818054,858174.0,12
C00818138,615000.0,2
C00818161,430164.0,4
C00818195,43189.5,4
C00818278,78199.69,6
C00818492,24240.98,3
C00818849,1168789.92,34
C00819136,88517.5,8
C00819144,204428.0,2
C00819391,754746.55,19
C00819417,50000.0,1
C00819565,49640.0,3
C00819664,6088383.61,50
C00819722,9650.0,1
C00819987,14192.06,3
C00820001,1452881.83,16
C00820084,82969.21,9
C00820175,570874.88,10
C00820308,2439662.81,33
C00820357,91103.26,4
C00820522,20000.0,1
C00820589,19000.0,2
C00820753,101294.39,6
C00821009,113139.5,10
C00821280,1357304.2,66
C00821314,292283.15,5
C00821355,222753.0,8
C00821439,2720.0,1
C00821587,625000.0,7
C00821611,10334.67,29
C00821652,3198550.11,58
C00821702,3530.0,4
C00821975,111588.7,18
C00822072,316857.95,4
C00822254,410001.0,13
C00822379,482947.0,67
C00822437,129069.22,7
C00822536,37000.0,6
C00822775,248810.9,4
C00822973,29309.49,1
C00823013,54620065.0,1
C00823344,2881679.32,4
C00823559,170088.29,4
C00823658,52570.12,1
C00823856,33451.93,1
C00823989,4638470.16,3
C00824292,1659732.73,52
C00824318,240417.78,14
C00824441,11750.0,7
C00824482,36000.0,1
C00824532,15000.0,1
C00824656,600055.0,5
C00824714,56148.0,6
C00824920,70000.0,4
C00825091,1803555.64,11
C00825158,3250000.0,19
C00825216,40000.0,1
C00825372,1123644.48,16
C00825539,170251.1,8
C00825737,60983.87,27
C00825836,150000.0,4
C00825851,15030850.16,55
C00825869,9099.6,1
C00825885,92951.5,18
C00826024,56720.16,18
C00826263,159940.0,7
C00826271,656845.0,13
C00826412,290000.0,4
C00826495,102487.77,3
C00826537,444147.0,24
C00826644,564091.52,8
C00826735,138000.0,2
C00826743,17978.8,1
C00826776,314000.0,16
C00827105,22500.0,3
C00827196,177900.0,56
C00827212,149787.0,12
C00827220,105000.0,4
C00827618,18795.0,2
C00827659,2500000.0,8
C00827824,15000.0,1
C00827923,9600.0,1
C00827949,26831.52,5
C00828178,626732.14,5
C00828343,500000.0,2
C00828533,4000000.0,2
C00829176,490.0,1
C00834077,1455.03,1
C90004185,90000.0,2
C90009358,874073.26,26
C90009994,171742.0,3
C90010620,1609765.65,13
C90010646,177225.0,22
C90011115,30670.21,5
C90011156,3108977.67,317
C90011172,1898301.52,58
C90011693,11000.0,2
C90011800,339185.66,16
C90011826,244664.82,331
C90011883,15000.0,1
C90011891,349789.01,2481
C90011974,97585.45,6
C90012071,34554.96,7
C90012691,13583.28,4
C90013228,6367.78,11
C90013897,1679.96,3
C90014028,149840.0,4
C90014101,40425.0,6
C90014275,63402.0,2
C90014507,1630815.72,31
C90014838,200000.0,10
C90014945,4950.0,1
C90015140,72500.0,7
C90015868,37204.16,9
C90016023,148198.35,19
C90016072,15528.42,6
C90016106,833735.47,14
C90016437,79961.54,2
C90016510,334606.17,19
C90016577,75551.88,7
C90016627,457885.95,296
C90016924,141795.0,5
C90016973,90728.8,106
C90017088,679491.96,42
C90017443,262420.76,42
C90017492,73718.6,11
C90017740,1600.0,2
C90017898,13829.57,32
C90017906,7750.0,1
C90017989,29042.0,9
C90017997,1441799.17,16
C90018003,43572.5,11
C90018045,80387.34,57
C90018169,299528.88,28
C90018227,361359.27,13
C90018243,65969.25,892
C90018300,44925.0,1
C90018359,14068.42,1
C90018367,601906.1,56
C90018383,72372.54,112
C90018417,4524.16,8
C90018573,282358.0,13
C90018698,491568.7,14
C90018904,1278806.77,499
C90019068,1349.32,3
C90019357,27389.16,105
C90019431,5070.0,1
C90019456,252203.1,12
C90019514,93770.96,41
C90019589,175798.2,4
C90019597,103834.08,6
C90019670,50000.0,4
C90019753,9219.31,6
C90019811,522417.0,1
C90019902,153466.93,23
C90019910,84870.51,10
C90020058,10000.0,1
C90020090,61898.1,33
C90020108,87698.0,34
C90020116,55338.98,59
C90020124,1857.87,2
C90020140,2050.0,3
C90020181,65513.7,2
C90020199,332750.08,288
C90020207,5150.0,6
C90020231,51826.97,56
C90020264,45113.32,111
C90020306,3780.0,34
C90020322,14291.78,8
C90020363,501.52,1
C90020421,25000.0,4
C90020454,55157.16,57
C90020660,26946.59,2
C90020793,1918.54,4
C90020876,603600.36,10
C90020884,172338.26,3
C90020959,6500.0,2
C90020967,15940.0,6
C90021171,505000.0,4
C90021197,35645.33,3
C90021262,26500.0,1
C90021270,17000.0,2
C90021288,278438.24,1
C90021304,115082.7,26
C90021312,12835.11,3
C90021320,57602.2,2
C90021338,9065.35,2
C90021353,1053763.35,18
C90021361,520.65,1
C90021379,4653.45,1
C90021411,1582.85,1
C90021452,1941926.28,128
C90021478,153102.22,8
C90021486,2500.0,1
C90021494,2500.0,1
C90021502,16729.32,12
C90021510,433964.19,6
C90021536,188093.48,8
C90021544,10000.0,1
C90021551,515812.04,15
C90021569,48595.0,2
C90021577,55967.88,7
C90021593,228730.0,2
C90021619,23377.55,32
C90021627,82175.0,2
C90021643,113654.82,16
C90021668,14772.5,73
C90021676,200000.0,1
C90021700,191463.94,25
C90021718,958625.0,5
C90021726,27550.66,23
C90021742,385000.0,4
C90021767,29042.0,9
C90021775,28050.0,2
C90021783,25000.0,2
C90021791,29905.42,10
C90021809,252903.24,6
C90021817,8176.88,1
C90021825,25000.0,4
C90021833,17789.0,4
C90021858,43230.56,3
C90021866,3359.2,1
C90021874,29666.66,2
C90021882,41339.82,17
C90021890,50385.12,69
C90021916,4000.0,2
C90021924,4094.0,1
